feature1,feature2,target
-0.6302971273790232,0.09751987213675413,0.0
0.5370320517135763,0.07584729313796296,0.0
-0.8909365251604374,-2.596033915658259,0.0
-0.9434960827514336,-0.684864588037466,0.0
0.811246812036231,1.602051222420996,1.0
1.0119556892978365,-0.882034002387858,0.0
-0.35478538655218683,-2.2481066817944675,0.0
0.2146261566952381,1.1048078959139223,1.0
1.1492664245941797,2.1541599173860693,1.0
0.550065445379655,-1.2021870330906328,0.0
-0.0710626660517577,0.08384417867208949,1.0
0.3847539733073488,0.6625078558166017,0.0
1.0808604725979913,-0.23090066986018176,0.0
-0.22399510074182852,-0.9373368992182585,0.0
1.6275232585004815,0.12751062841431382,1.0
0.2002133868034912,1.1443619311984856,1.0
0.3262139926526758,2.4199496614337965,1.0
-1.557491017557585,-0.4529663993875252,0.0
0.910998157467414,0.5836539090902129,1.0
1.7289153844324368,1.33630338884747,1.0
-0.4601584189632041,-1.262150806720993,0.0
0.5547523400947593,0.6452740674412789,0.0
0.9353051002225589,-1.5842944005618653,0.0
1.0716856086834015,0.9395902617669262,1.0
1.0869923115228934,1.2443688825050496,1.0
0.5296918042738995,-0.10422980757412245,0.0
-0.9896237918171181,0.9907016967352484,0.0
-0.37857621860371593,1.1398914994511304,0.0
-0.3555868618780254,-1.1349009053800356,0.0
-1.192734609230079,1.3159065383732338,0.0
2.3343669602701844,1.2336246276619955,1.0
-1.126725317968749,-0.14381943028972494,0.0
0.4948395424595312,2.744753614220482,1.0
-1.3541565781918339,-1.7414071837634553,0.0
0.4184904648980915,0.3679518355360034,1.0
-0.49180546492312044,-0.5376996174851395,0.0
-1.1395581490122046,-1.8013438476327877,0.0
1.571651411958072,1.233082838654849,1.0
-0.37118992112294297,-0.909681974353365,0.0
0.7819432680119032,2.4669640049051145,1.0
2.084927321398201,0.2975009057501008,1.0
-0.006336831041935811,0.5451149466440292,0.0
-0.697271937433611,0.37174841778526446,0.0
0.7131746442251516,-0.13197904622394807,1.0
0.12387719899824567,0.19831209579922404,1.0
-0.6681231892610076,0.4695174972855582,0.0
-0.44908272886942907,0.9722970101009922,0.0
1.5270093851315347,0.5122675719424115,0.0
-1.6230879629444697,0.630256625980897,0.0
1.3908485355875766,0.7507156650831681,1.0
0.4176600470799099,1.0117213961275313,1.0
0.5206137905199534,0.6112378711324101,0.0
0.2674275044883322,-1.011770798759543,0.0
1.6694903291815761,0.02516493793118557,1.0
-1.2685412422922917,-0.32525709997259455,0.0
1.80697478745376,2.683674833111848,1.0
0.6832950425343813,-0.325241425373735,1.0
0.3569144137043615,-0.07557533495755853,1.0
-0.14745084623456797,0.5816056785631621,0.0
0.9845725646415708,3.24656623186574,1.0
1.8912949435885404,3.0010607237332336,1.0
0.4763389493451754,0.20029881954580808,1.0
0.5568079587223683,0.2723108512051052,0.0
1.0317628453272252,1.9605776957474799,1.0
-0.7490958405209104,-0.19118836046933316,0.0
-1.8469400185640172,0.9273080899034213,0.0
0.14798318911895825,-0.15305539584695071,1.0
0.9890937790651108,0.5438136155954028,0.0
-0.3325833271818528,-0.7423433632198019,0.0
-0.6573971136064677,-0.12484640152748606,0.0
-0.8947825070891477,0.8799308812783389,0.0
1.3167752507707027,1.8602839238861957,1.0
1.4148077509596417,2.465952091059324,1.0
1.304248496392748,0.6349123138733599,1.0
1.2049885992942173,1.7720969674369793,1.0
-1.4884836583511307,-0.39071387658747414,0.0
0.5796624475095701,1.778578599042111,0.0
0.2712853293358095,-0.46423555296956576,0.0
-0.8235078163256053,1.1520988792994005,0.0
0.7993854274765001,-0.6464757669879646,0.0
1.1959921017288717,-0.3865974440177993,1.0
-1.003319529288653,0.367386622605823,0.0
-1.4491656092440495,0.5318171963651044,0.0
1.578737995405235,1.0443414380547327,1.0
0.4029611114204817,-1.2026375084102892,0.0
2.0989530166497072,2.398869449847411,1.0
2.099698951191552,-0.36055481012860935,1.0
1.6324157295047204,0.7535190617097824,1.0
1.3651517262232644,-1.5912311283837313,0.0
0.5045719991365255,-2.3210914717470352,0.0
2.095030891167056,1.767700537690368,1.0
1.1544919961341984,-0.742460234421355,0.0
0.47368824196582754,0.06921009143884466,0.0
0.9931576342449868,2.978989197467981,1.0
1.5616756967239387,0.42429541256592707,1.0
1.3990432941220714,1.2095963834644703,1.0
0.9275641287120513,1.666762053086153,0.0
0.04241652273104354,0.14984560275052725,0.0
1.952513548663001,1.5352491623594302,1.0
-1.259781376368656,0.3812380090522155,1.0
0.042972898198010534,1.7627991962470886,1.0
0.39770727736744993,1.7589578726667368,1.0
1.1004962438588377,0.6783723765489537,1.0
1.5655704924533902,0.5735295848045598,1.0
2.315474187870502,2.2201992259142442,1.0
0.14404988458603207,0.41268972895302425,1.0
0.7401980588716478,0.13520645636807815,1.0
-0.5505415923721305,2.2663675627580826,0.0
0.5372999116787576,-0.15191524795041575,0.0
-1.1932270922254213,-1.0000682075737464,0.0
0.42865693679702577,2.9160079734246995,1.0
-0.07044298037061392,-0.19579058890268586,1.0
2.7258856315767686,1.2683801003176434,1.0
-0.2659737999740266,1.2962609429972276,1.0
0.48936484529031277,0.9630016456176331,1.0
1.4247907574517193,1.238008765215476,1.0
-1.077680266354702,-1.3326038764249346,0.0
0.9738484073013981,-0.6148316784083714,0.0
1.3335018984508455,-0.013707149509773899,0.0
0.26546074366486194,-1.2734092849416596,0.0
0.9523715833690523,-0.2349334871650099,0.0
0.5536511882460925,1.90532763868034,1.0
-0.6639181881985806,1.9056526103698495,0.0
-0.8571811477948331,0.2280360365433641,0.0
-0.13282949655909926,2.0194756819675783,1.0
1.1654818201472033,1.4129608513647722,1.0
1.4940057694012818,1.753977349972896,1.0
0.9434986327906222,0.48097847052091836,0.0
0.7836069929258267,0.21828809623544204,0.0
0.5259987474402015,1.9199815265972213,1.0
-0.9082535398820869,1.5644871611030966,0.0
1.5334222191539417,-0.6795965058027988,1.0
2.0681996243604397,-0.20117343325109371,1.0
-0.29327746106936803,0.9856549876061552,0.0
-0.08405445531639621,3.0548539662306973,1.0
0.7559858744890122,1.3082346137011727,1.0
0.2878513782382094,1.562315238999481,1.0
2.177622651653657,1.6731776176587851,1.0
1.889810848511996,-0.17176648336574907,1.0
-0.4468793309091287,-0.8370082939086759,0.0
1.8692833922070122,2.47238131750049,1.0
1.172035683862212,1.389478975488265,1.0
1.0989871365757373,2.694222138581096,1.0
0.41435638698971206,-1.5440896177519552,0.0
3.1831359099211465,1.1187079947305174,1.0
1.4876760913577176,3.703126110980042,1.0
1.2166346600605007,3.457947995792153,1.0
-0.1752682599037647,-0.5838116422237063,1.0
0.024708957862127123,1.3906982252981464,1.0
-0.8979603648668774,-0.6417439720177383,0.0
2.1448406599934207,1.5607432851911716,0.0
0.2826009002883899,1.0269617381914768,1.0
1.811435706380961,1.5204425460585709,0.0
0.3303977802602973,-0.28443531740455086,1.0
-1.5890950456687498,-1.2566422866155684,0.0
-0.588004446579115,-0.8671312633722097,0.0
0.30763230071118425,-2.3084027340871027,0.0
-1.4553052643519542,-0.9287683705594139,0.0
2.0593121363505187,1.0088325035696557,0.0
-1.321755428547265,0.09858419459562014,0.0
-1.700896850034964,-1.2128211908284903,0.0
-1.379663715650112,0.385766204215817,0.0
0.13727070711553874,0.3227378827843334,0.0
1.7796223175282113,-0.38639375419508926,0.0
-0.028700053778906165,0.3389684415498475,1.0
0.601864847321733,1.14353409597228,0.0
-1.171266035587872,-0.28546433411524635,0.0
1.4220841276833334,0.8855114681496171,0.0
1.0106881481856418,1.5449033583602676,0.0
0.3389000458857595,1.0428451472158398,1.0
-1.628116069463382,0.7471166692475395,0.0
-0.5948497793947723,-0.9856714865800245,0.0
2.527786498483839,-0.030539386763937602,0.0
1.2942099318935316,1.4709950624709767,1.0
2.363071885466413,-0.3218458712538572,1.0
-0.25228941691214635,1.764094394576177,1.0
-0.15840525687935614,0.4524899127049432,1.0
-1.6549892723449893,0.5953020946651724,0.0
0.7213375393731628,0.467661372418618,0.0
0.16163799715628643,-0.014096110659082143,0.0
1.2100118948929086,2.816662272373502,1.0
-0.9816969399671365,0.0016254366051996483,1.0
0.30904673477371036,-0.5339109707195957,1.0
0.9208984193836041,-1.110301180365119,0.0
1.3517547806693087,3.253739777811326,1.0
0.5061395177772363,1.1701243243445703,1.0
-1.0083779784541922,1.0928553051073064,0.0
-1.175576875260067,-0.1320442085814677,0.0
0.7014518001543053,2.6519664268745418,1.0
1.871064921880829,-0.6221521018947733,1.0
0.5525453396254255,-0.12684410827891024,1.0
0.13074725953329683,0.30623335048812417,0.0
-0.9612260538694062,-0.7012231616306671,0.0
2.0392244716549253,2.3625280041774124,1.0
1.3373024462570466,2.021951733903455,1.0
-0.10195607973377772,-1.1313265259039327,0.0
1.939560868894425,2.2389198046683094,1.0
0.952109081086971,2.8141681529690628,1.0
-0.008742286181530967,-0.9096347868600446,0.0
-1.2520895715537599,-0.6067432005045114,0.0
-1.1302055584792323,0.9408120546154554,0.0
0.45836723910166377,2.124752155142299,1.0
2.2857839052159443,0.10792657724057808,1.0
0.6913206075734637,-0.5464708282892909,0.0
1.2749109515714112,0.7457816551944311,1.0
0.8536047130956205,0.7261095270003978,0.0
2.7522241900812583,0.5357893345902183,1.0
-0.13157167746377096,1.9501051507364358,1.0
-0.5456701652275049,-0.4223908171172887,0.0
-0.164890030070545,0.33546629031777064,0.0
0.09877986278378595,-0.37987110219835113,0.0
0.901146497944988,-0.6250385328982575,0.0
2.2758815043295004,0.4573377081136386,1.0
0.5012394521059489,2.1782230165038916,0.0
-0.9669288859146523,-0.18404282554085769,0.0
1.3370664765700364,0.9635228746108943,1.0
0.042333485208353575,0.7505455852702226,0.0
2.952657550553039,0.9143093062048782,1.0
1.8556445203144407,0.3425655515115267,1.0
2.222633932372004,-0.002249455632460151,1.0
1.4053045775276014,-0.3105712558293521,1.0
0.5019402986174476,2.2873571914211146,1.0
-1.0753427391359731,2.2880475658098334,0.0
-0.33771591844161364,-0.10244251419487771,1.0
0.5942124091594221,0.428123327617037,1.0
2.5085043246681074,-0.06444047493142999,0.0
1.7935337275089376,-0.8194529933921049,1.0
0.5408040117441928,1.2837850254545697,1.0
0.6952123888345961,0.3333495508313067,0.0
0.6511926348569642,1.024969611592891,1.0
1.0802647965954317,-0.32250736967325677,1.0
1.1025843160223259,0.2203619783494346,1.0
0.4291934673411003,1.9817249094410028,1.0
-0.22057268289378015,1.4935066801858365,0.0
1.7837482317094397,-1.2235714536303262,0.0
1.4008074216593194,1.0582470428806892,0.0
0.5148158190166037,-1.2250474941047085,0.0
1.2261755464852773,-0.4001841738227323,1.0
2.631427620841637,2.7326219937136775,1.0
0.7806137636069723,1.0038008559253102,1.0
0.5661477061887719,1.7962706041497154,1.0
-1.107745359336212,0.776821944184738,0.0
-0.025438880294326394,-0.7288717989261868,1.0
3.2796852068273465,2.01131189827524,1.0
-0.03774016269563507,0.4119401960676162,1.0
-1.0294797179463595,-0.7798417540417394,0.0
2.0619973434841548,-0.5918643289939587,0.0
1.7472347323536122,0.3444501059868824,1.0
0.4639484392338795,0.8937338229443346,1.0
1.3065482321309143,-0.08750815384314392,1.0
-2.2715789472251746,-0.41846136731281924,0.0
0.6666598325087291,0.6533576246993383,0.0
-0.2915648821581759,-0.06736976088319986,0.0
1.103313540448484,0.24151255403561722,1.0
0.018408393228778182,-2.7803605639197233,0.0
1.6170999323769992,1.1510103284865385,1.0
-0.5043433389458388,0.216473969849072,0.0
1.5337651364482714,0.24246101207018528,0.0
2.245373350269241,-0.22062479419236913,1.0
-0.4036091504833672,0.6661017216263152,1.0
0.7236759671625783,2.111487109414737,1.0
0.3107874269517246,-0.9834533382710218,0.0
-0.675162071140327,1.2167771082576182,1.0
1.6503523440352528,0.9673486615210809,0.0
0.6603625692334124,1.6614340415466182,1.0
0.7372372076244351,-1.5749879235489266,0.0
-1.3402724070930416,1.063387112896323,1.0
-0.907554537864286,2.2021407085134053,1.0
0.356452270311722,3.41825098282262,1.0
1.6179558876372728,2.270415622291845,1.0
1.2530845436586548,1.3193974112841313,1.0
-0.22362066348846216,0.03394861578136611,0.0
-0.13351502408870497,-0.823510150719976,0.0
0.45812540074307717,1.2476491521645696,0.0
2.1152089752497965,2.106139450735356,1.0
0.6654072442169563,1.3933381057469405,1.0
0.04094412268264589,1.520295027430862,0.0
0.9495053982015439,-0.22261371160357024,1.0
1.6055069214870268,1.9566280736721118,1.0
0.12507038090374323,0.7911381789666173,1.0
0.2752826487128435,-0.2531832494543708,0.0
0.8501975521263317,1.4255900928920842,1.0
0.7750826409200826,0.2904133629714285,1.0
-1.124883342343549,-2.6747292971295686,0.0
0.7727770002434196,0.05795335991245454,1.0
0.4507574401192273,-0.12320819423120441,0.0
-0.6062870172108731,0.5747010017609478,0.0
-1.2412601622358859,-0.7976325317755923,0.0
0.05207606224579849,1.47634613824331,0.0
1.4720059678726518,1.3677998803062714,1.0
-0.32368543828760804,-0.2501455795629942,0.0
0.4151893369222279,-0.42688873508789227,1.0
0.022378242372270853,-0.6038468902484239,0.0
1.0873595131747382,0.5151756322980743,1.0
0.27834083643305657,0.06611712705374176,0.0
0.2078525036999841,-0.21816169242671662,0.0
-0.5861123164527089,0.9585505236961378,1.0
2.095378908672963,2.1605999881309312,1.0
0.6854862532554556,0.4602786730547207,1.0
-0.11823099515891977,1.5583386249356597,1.0
1.6581263561243627,0.5797677974605049,0.0
0.1070002987397883,0.2240828968516961,0.0
-1.5537229141626776,0.12961594393488152,0.0
-1.424658636137088,1.5723355764852993,0.0
-1.1458788541245029,-0.5157741120785121,0.0
0.11646880557160728,-0.5534494476807139,0.0
-1.3614333717333653,-1.3698593481415493,0.0
2.28736039357336,-0.5458007357094636,1.0
-0.3021187325589685,0.9235599532929756,1.0
-0.5955849282489434,2.1877112164497343,0.0
0.23998291098129132,0.17435514174945332,1.0
0.8820033044780462,2.9194754547378095,1.0
1.260013599327702,0.5360030369160032,1.0
0.25626722145975095,-0.22946417525817753,0.0
1.8583576650743479,1.489607638269042,1.0
0.8475802769475992,1.5100953732912175,0.0
-0.6113614665179274,2.3087027571035685,1.0
1.5014194622172985,1.6313309958910327,1.0
2.676068019665005,-0.5299894990577538,1.0
0.5587278154535023,0.4349549945866973,0.0
0.47883831178821457,0.50254232287391,0.0
0.6080762540526603,0.12812693620809942,0.0
0.07452890500827924,1.045962315204436,1.0
1.4593716617962458,-1.4287089911727846,1.0
-0.01009429910109947,-0.25763950594885876,0.0
-0.27726116638775067,2.6601789500902093,1.0
0.24048402031724483,-0.8909819853201945,0.0
1.0886713603179954,1.2193805459495897,1.0
2.5805422955222603,0.7879736348293778,1.0
2.1163623119590556,2.0548726058392695,1.0
-0.05429861562331251,1.9345408082547504,1.0
0.3982380674590902,1.2619309659108098,1.0
2.5057248583392795,0.3361706947334667,1.0
1.372219773323656,2.2745008650465097,1.0
0.15293173693727669,2.969955943860102,1.0
-1.0852810899662193,0.23123581154397185,0.0
1.1655298605866176,-0.5790299917959356,1.0
0.2291044010445732,1.4896617398467549,1.0
0.5538657225892509,-0.6430068764168821,1.0
0.7270218512819187,0.12050242523760091,1.0
1.1024759360266412,0.047318047686503606,0.0
-1.7650482064279727,-0.8768133356086061,0.0
0.2647170792046912,-0.08384282710914336,0.0
0.9349331956862635,-1.373909685274151,0.0
-0.4870671188990585,0.05330883404281448,0.0
0.8192803580157663,-0.4584487514465755,0.0
-1.2371683199230206,1.2812975635518793,0.0
3.445857092369408,-0.3786383327651506,1.0
-0.7870445892020397,0.06692490788277183,0.0
1.3189872228722932,-0.26009174013845526,0.0
0.8712165332826958,1.4124924152612066,1.0
-1.3733685846647214,-1.3211181848324243,0.0
1.4817547888047908,-0.6141599147101104,1.0
-0.23960960669732123,0.14743177803894436,1.0
-1.9013073767187612,2.6122711109370336,1.0
0.6472982933992097,1.638828602956544,1.0
0.260944252360517,1.1184373829797343,1.0
-0.770962899335894,0.4512608204670189,0.0
1.4826728379941738,-0.2312446746638233,0.0
1.8766757576830448,-2.04136471578177,0.0
1.8524491843722084,-1.6357853919131442,0.0
-2.135316966814051,0.035156524688134676,0.0
-1.4713610469352618,-1.4684151642588972,0.0
1.280287841879339,-1.0577945654507008,1.0
-0.30977030287055074,1.0813554892688748,0.0
-0.14558609918129428,1.6804984592533638,1.0
1.0620324079666577,1.515430658519559,1.0
-1.4194188697702321,1.5062455318333394,0.0
-0.05790283305045676,0.5926370892903405,0.0
-0.5203349914915123,1.0960357028116634,1.0
-0.20935596691820568,0.8215210972047873,1.0
-0.4705199317419614,0.22407692333461784,0.0
-0.22688002271016663,-1.9678517583837936,0.0
0.5914878852502741,0.821946519136308,0.0
1.1038696408629471,-0.07847956436266744,0.0
-0.3035349556270104,0.9476367776540839,1.0
-1.6037321511671825,-1.5014383371292408,0.0
1.9458956028062737,0.35458920162078267,1.0
0.9634583650947909,-0.8344399159710721,0.0
-0.40415133989279817,1.0679185558898516,0.0
-0.544904275131626,0.1848779635808891,0.0
1.7735331440171773,0.20739776679431599,1.0
1.766444588064768,0.7312178415928732,1.0
1.5607483455308504,-0.10735936675825442,1.0
-0.36155438424100694,0.8108883349665026,1.0
1.5372535502612679,0.19566099983545615,1.0
2.7180957982792657,0.5849857236557484,1.0
0.656800012491854,1.830110575839112,1.0
0.7390667010677986,0.5166430222780471,0.0
1.0165749394463797,-0.8265315941152273,0.0
1.5054881051683613,0.1960738095834964,1.0
1.6206050448186535,1.58173011806463,1.0
2.292268333575473,-0.7127939588079484,1.0
0.9272013500361239,1.0502942554917012,0.0
1.0201469743146792,-1.2786710839476996,0.0
0.16586318453817728,0.5025820971976754,0.0
-0.5786549493504574,1.6172870329320514,1.0
0.4408139787509494,-2.8394778534802962,0.0
2.16599017864771,0.7935052380657301,1.0
0.5572252135911445,-0.9293719639848549,0.0
-1.9225788395236898,1.6039250795383992,1.0
-0.4063694990227002,-1.143864637002881,0.0
0.04639064104748979,-0.9341756006385704,0.0
-0.13938345517072315,3.149635698242671,1.0
0.5253146209148924,2.0641422931434183,1.0
-1.5089829745848506,-0.24470601652145726,0.0
-1.1051880759857937,0.6158043194724605,0.0
1.6973450392944789,0.8590798058727536,1.0
1.150537343405006,0.7643292414658037,0.0
1.4544324899784769,0.8910453932727436,1.0
-0.9920734091094341,0.6895199320287638,0.0
-1.311970283950829,0.45713060569430397,0.0
1.0048643411292484,1.0798955171973208,1.0
-1.5925340657850722,0.5159236774884306,0.0
0.6634098751233719,0.18880078435154135,1.0
-1.0650457649152971,-0.3042489275739832,0.0
-1.269061156552144,-1.0132897754988675,0.0
2.926098467918391,0.28368090667115886,1.0
2.2977837626648947,0.29367729235516926,1.0
0.5292394168374829,1.512318439807804,1.0
-0.3491701809668101,1.3226167485976217,0.0
-0.002855292349810881,1.5642510106664795,0.0
0.41470514591367874,1.6996567634754642,0.0
0.598157794914556,0.011272712450714003,0.0
-0.9304066790398132,-1.593574132506129,0.0
0.2849964595259974,2.768047342721693,1.0
1.7762794573167295,-0.5504141623012531,1.0
-0.5576524745420596,0.7104525441265837,0.0
-0.576368014855522,-0.5765151464015834,0.0
-1.8681101436755883,0.9844213665390489,0.0
1.7842661733465996,0.07516314276688436,0.0
1.7537516164461744,0.8267379814893108,1.0
1.203524657319866,1.7692631487723411,1.0
1.0265942322274588,-0.8232960037758819,1.0
1.7490832017833986,2.5666789393146843,1.0
0.9378225967437004,0.4976316247448399,1.0
1.4526174839427322,0.40981428933172326,1.0
-0.05662787593756581,-0.046807579822793294,0.0
0.503061009895269,-1.7687757836024376,0.0
0.5675157315838667,0.7671126367865311,0.0
2.194566267768922,-0.6018893728367178,1.0
1.1455517894237992,0.7805961797580802,0.0
1.4655915672934279,-0.35386853336114804,0.0
0.7219443567360003,-0.08488722555980543,1.0
0.6348130267379124,-0.43695712396577613,0.0
0.30720159213327647,1.2725260060042036,1.0
1.5298037635050843,2.2096102155783788,1.0
2.1909203870887515,1.518079285022342,1.0
1.2618034371105749,2.1201824165812226,1.0
-0.6518765424866251,-0.5221792321782645,0.0
0.1558172918095592,-1.8952552067312385,0.0
2.5054748176477877,-0.3805735390417404,1.0
0.5939336550688358,2.4419869280384603,1.0
0.08045552029438802,0.6251304893103474,0.0
0.6666138637866723,0.3301168546853113,0.0
-0.44491239207919586,-1.7647144638808623,0.0
1.362898327938723,-1.1928074422683317,0.0
-0.9510282257959659,0.12126596850659623,0.0
-1.4672355292103563,0.27424291504170634,0.0
0.17100184368860494,0.7847981947579489,0.0
-1.8196787890505535,0.5048426030860599,0.0
-0.002911707759480242,0.26750626060736593,1.0
-0.06135770294985206,-0.451638320258661,0.0
0.43489274176732284,1.1799462326982946,1.0
0.6818040004003454,2.327863644152429,1.0
3.4819674298064016,0.09478866050271084,1.0
-0.5912631365961214,1.7218408880508715,1.0
0.9227105962124198,0.5534783974885396,0.0
-0.7752709879556577,-1.0077605920437767,0.0
1.5815558447268223,-0.8618337338907825,0.0
1.0166417176815716,0.3201080221710715,1.0
3.5299129653647614,0.16104848895813428,1.0
0.5800904814718605,0.2680644977676161,0.0
-0.1277036245104505,3.2682424902383342,0.0
1.9150574873016197,0.998105848356999,1.0
0.8418565309803127,1.3919091069621998,1.0
-0.04470048254424823,1.9295736376328467,0.0
1.5003230281890927,0.1840488809461337,1.0
-0.44016172342553317,0.011717327807702325,0.0
-0.37332043254562647,-0.176207324615672,0.0
1.412522747817441,-0.49466169956575745,0.0
-0.4714661266302802,0.6981644547563735,1.0
0.3992393503373049,-0.4685269559699682,0.0
0.6386697331671606,0.7029654209342846,0.0
-0.3729411348624732,-0.7083457047515426,0.0
-0.019130481227470676,0.913315722790641,0.0
1.7833530753275029,0.7972922516408588,0.0
-0.03642579357213715,-0.7237459354076633,0.0
0.42357840324550355,-0.550223061329764,0.0
1.896675825735823,0.4724375597492218,0.0
-0.46718654359104206,0.22940717289574342,1.0
0.8080950529589249,-1.3343994653237394,0.0
-2.0313597409303537,-1.4139550463302808,0.0
1.4338429956696468,-0.4022461076902446,1.0
0.7030714460294561,-0.044734271589324415,1.0
-0.19182680340811126,-1.2570660612896776,0.0
0.10099601016738448,1.225370949000471,0.0
0.37223661727195334,-0.813751234662672,0.0
-0.943497574649887,0.1464486102049155,1.0
1.9030597695489126,-1.9560113298360875,1.0
0.3048517391578569,0.9095092780504104,1.0
-0.0017716636011163257,-0.06024129652236662,0.0
1.0337190705758639,0.4644618857807739,0.0
-1.278809481526209,-0.9649286293054785,0.0
-0.5037512004997056,0.6170576326005514,0.0
-0.1763664134565186,-0.60640758210656,1.0
0.8889132630747892,1.832871506472516,1.0
0.1596263715246996,1.5453191189510997,1.0
1.1323111031418494,0.6499928542266789,1.0
-0.39234896868405533,0.074277435664305,0.0
-0.2715681996262374,0.2724406809934455,0.0
-0.6591609015687938,0.10045551619886532,0.0
0.9253288249886634,-0.36643190965553957,0.0
-0.9117577835758449,-1.2361408376424088,0.0
-0.17285897954725166,0.8711410442878085,0.0
0.32291618833656277,2.859908973092379,1.0
1.0912791603292478,1.9551479356799475,0.0
1.0199475113106649,0.358766386180118,1.0
0.03183639803926247,-0.5455754114541683,0.0
-0.9022932779644454,0.24974557992624824,0.0
0.10113736975869825,1.610928428690038,1.0
-0.8218072584073073,1.4181239378749426,1.0
0.7177854924975877,1.0046604678171955,0.0
0.5212203562071626,1.5613580785878702,0.0
-0.5360128536486284,-0.3231390044828306,0.0
1.3875914728783045,0.2297227378743566,1.0
0.49733179447458814,-0.2689354164034188,0.0
-0.17530086043345408,0.029696497991958812,0.0
0.8122312021612627,0.4172224850854853,1.0
-0.10935398809204942,1.622639260185426,0.0
1.08387034173528,0.40656085446619394,1.0
1.7202835129422105,2.175326164337968,1.0
-0.7738557819771077,-0.3325553507539925,0.0
-1.2708763425055178,0.25157192281069046,0.0
0.14419749936115245,1.2549564134555733,0.0
0.4185415954540034,-0.45255051450831046,0.0
-0.3298577038589965,2.5729824393791625,1.0
0.9990186669556849,2.33295912048984,1.0
-1.1296200119835855,-1.8596076776347967,0.0
0.6136974480522661,0.5608078278145187,1.0
-0.3875061630715435,0.15974403627152087,0.0
0.4583917578397294,1.3116279963256487,1.0
-0.6694584996677506,-0.2382859499191032,0.0
-0.1920516784776629,0.4400982509056237,1.0
0.17057233015666287,-0.5625392195892515,0.0
0.3603272947828968,-0.025959699331486785,1.0
-0.9118586407304275,-0.5944514905085712,0.0
0.7169620944422375,2.009527268929583,1.0
-0.9329042910581302,0.13677047975002796,0.0
0.250948855922016,-0.985659191880178,0.0
0.4066567184841232,-2.376390843370737,0.0
0.5225017408149227,-0.30668046300306623,0.0
1.6197547790756173,0.4221306792844596,1.0
1.1501380671255717,-1.4771607034908092,1.0
0.6418998978122341,-0.7769821278509391,0.0
1.282007901411842,-0.8505922241849297,0.0
1.0718910387142362,1.1519875485613182,1.0
0.7711595235836207,-0.7712497184196991,0.0
-0.32451024297595665,1.1620862041955151,0.0
0.6633781574766564,0.8869047503042335,1.0
2.0615838026452926,-1.3521764600886872,1.0
-0.6025000853762215,2.873406874968,1.0
2.076366716363312,1.6454475113296845,0.0
-0.9293901916604373,0.6660513455982413,0.0
0.2729144753927576,0.2830949118895798,1.0
2.0345127202172146,1.5569128303596453,1.0
1.480273591035381,3.0473001523989756,1.0
-2.559135749343536,1.4211063475294345,0.0
2.2546786801522183,1.0500559542584678,1.0
-1.082676695777284,-0.7703623893801156,0.0
-1.0468241513943244,-0.10688146492476443,0.0
2.4323604888082353,0.9752247644452513,0.0
0.6710391452295124,0.27190438939899286,1.0
1.0227027770707457,0.41331346025866367,1.0
0.23619281245168267,1.1352860603788497,0.0
-3.3918337255344144,0.04308760788136689,0.0
1.6813469326460426,2.0252288195344255,1.0
-0.08911636165148074,-0.5728571753944071,0.0
-0.16544402067954203,-1.601328996427362,0.0
-1.4053614782289197,-0.8366090867878097,0.0
-0.37679635032800085,0.4744346879621372,0.0
-0.772581682248921,-0.15638310494352547,0.0
2.5562193909668403,2.6969215621037845,1.0
-0.24122349446650238,0.704482439185256,0.0
3.18573117521177,2.2159156955087473,1.0
-0.31022345105327337,-0.178407723431484,0.0
2.877105682336305,0.6639384296454646,1.0
1.3110990383356658,1.498583653256129,1.0
1.4971890893022537,1.6874613380602446,1.0
0.9883317282359119,0.25809069345647895,1.0
1.971083576844409,1.8744892023510205,1.0
1.2013911790875411,-1.7354779738724166,0.0
0.4550341075316804,0.7808479536366599,1.0
2.208531182783099,0.7740336122559219,0.0
1.767038863863907,-0.5351969167471893,1.0
-0.18175761106448127,-1.378312317186392,0.0
0.2655961851709084,-0.4962387306727944,0.0
0.2813778385224157,1.6956315249746043,1.0
2.0607156766076278,0.3132438500764575,1.0
-0.8203720533568472,-0.7117538161243377,0.0
-0.8396361208545469,0.3195819459781451,0.0
-0.6754280387686133,0.033413858189837005,0.0
-0.33021434487116796,-0.4649226024038025,0.0
-0.825376375484197,-0.2664524110504141,0.0
-0.06446859361204711,0.7094455375841843,0.0
-0.20592308410306132,-2.3886427540858706,0.0
-0.024592539480312984,1.5343381116413817,0.0
-0.34160120864113175,1.0631346671661388,1.0
0.6840844400788422,1.2616020953034712,0.0
1.434551212753618,0.9908871599806464,0.0
0.9468712498062333,-0.5439530571271154,0.0
0.8059135538392294,0.788306594617935,0.0
1.3862775691703635,0.8147887846508369,1.0
-1.4654322123874184,0.18819504054127417,0.0
2.058253785803224,-0.2882978896381214,0.0
-0.03766507643767234,-1.3885740419462465,0.0
0.8804911779448998,0.7566564912307729,0.0
-1.2108479517461066,0.8189459468540276,1.0
-0.07802101472792566,0.6322474870858821,1.0
0.08061230632321859,1.7576139818886767,1.0
-0.24447144544548338,0.05370418925074105,0.0
-0.03244793446726343,0.25288027530727897,0.0
1.0927859078853845,1.6056246362282078,1.0
0.23267887756144534,0.28930739458789423,1.0
0.7113755409955861,-0.6980352170478814,0.0
-0.5774380577269556,2.1667047705471725,1.0
-1.269744406240712,-0.2812683007500372,0.0
-1.2497768435091627,-2.3779220184200978,0.0
0.21316521974420802,1.2753731292507513,0.0
0.9503937170317511,-0.09388281540542386,0.0
-2.547978567547559,0.46710099783408304,0.0
0.04517382252779134,1.1498556894975698,1.0
0.3266887604972183,-0.18104692352000673,1.0
0.9482119960933192,0.2804654646124847,0.0
1.6637036356825528,2.4994491644013994,1.0
0.4245223356754091,1.8648789200566198,1.0
2.6353121519262825,-0.8325148050117573,0.0
0.654469335380558,1.6213209683295273,1.0
0.2180796521545062,0.7866398889057673,1.0
0.9971290906729765,0.2869351272776201,0.0
-0.39345379036418326,0.42938762933653607,1.0
1.10382024525277,1.374944094581314,1.0
-0.10530169630520891,1.3846419490661588,1.0
3.400554068392383,-0.6096897088946316,1.0
0.17348279226393482,1.094628024157411,1.0
-0.009361169924978485,-0.12387634152692906,1.0
1.5290057003718263,-1.2459608061530887,0.0
1.00025653929293,2.267229308071527,1.0
0.7371510788905181,-0.11340786680354813,0.0
-0.40924120605305436,-0.18172615704553616,0.0
1.0136114921022756,1.6697301033325394,1.0
-0.7066705404694861,0.3033520982919477,0.0
0.2386939504307546,1.4408274925449407,1.0
0.7455898411492636,0.5174996502455427,1.0
-0.7091770008682396,-0.07555703676744542,0.0
0.9934794778833294,-0.07679898036579269,1.0
1.112721141391168,1.429586741305878,0.0
0.5343479279392184,3.0123856979789085,1.0
1.4345859357037134,0.15264027190619067,1.0
0.3531026306317143,1.9818506436537875,1.0
-0.2847500860169943,-2.43608513311811,0.0
1.9938361426534805,-1.714411197062713,0.0
1.2411673185045144,0.8602723793367603,1.0
0.20534776263297383,-0.21446539086701955,1.0
2.288063568238403,0.7898065959549657,1.0
1.1128322699559785,0.7820173531949091,1.0
-1.1202527983657427,1.9649937830814534,0.0
-0.20278979645084172,-0.751818522466308,0.0
0.3961870331263952,-0.19554556442075638,0.0
1.31347795630851,0.7705924407488625,1.0
1.6757652957982054,-1.5657033788574268,0.0
1.5871525106649154,0.41205753591481975,1.0
1.938379116255296,1.3397048123399888,1.0
0.2356127197972715,-0.4448784112375913,0.0
1.2765209006069138,-0.3020144711114987,0.0
0.07355332697035959,-0.0757823372471802,0.0
1.8250024924520574,-0.3769311872137795,0.0
1.7583375639316448,1.1527337399406132,1.0
2.1387402514834712,0.8468750474413578,1.0
-0.24391511049314857,-0.8454949288375064,0.0
-1.9252133656964923,0.11077005605255158,0.0
1.4068115923601043,0.15726476214562946,1.0
-0.7641837453011582,-0.5941277909197908,1.0
-0.012716391650372083,0.5612715734775604,1.0
-0.9081411086327629,-0.5101547355718768,0.0
1.007925608420737,1.733557196391994,1.0
1.2401651416554234,1.7906984457453154,1.0
1.4297961384630287,-0.026801941863080048,1.0
-0.5642127198966156,0.4397701122522064,0.0
1.951982611681737,0.5226570278147307,1.0
-0.3613352199076434,1.8001108748072794,1.0
0.08499854351986899,-0.9111191513977158,0.0
-2.4933490407140884,-0.5013623145963568,0.0
-0.7778729718411714,1.0018408506034562,0.0
0.5930883132680826,1.1038940129378054,1.0
0.03745491491725106,1.0486287372606833,1.0
-1.096391219806046,0.14987973461341833,0.0
-0.12165019399393631,-1.5247355049873714,0.0
-0.3947850475520631,2.3972116935225065,1.0
-0.5651444778290706,-0.8940952910670713,0.0
1.0039425478565067,1.0948092595092682,1.0
1.5770715040697052,2.060169488941247,0.0
-1.46200950304535,0.8730786878043297,1.0
-0.4985468527134942,0.23051881805866603,1.0
-0.493005698944352,0.27487810742659957,0.0
0.6299240734442006,-0.0952356351742154,1.0
2.9159194274230353,1.5392658775496764,1.0
0.9312421099449861,0.9400931455611593,1.0
0.5209959482043313,1.4710130338064125,1.0
0.31095815387656267,2.0524906069531488,1.0
-1.5083020439136763,0.6351126865922821,0.0
0.40405241334520114,1.6693699477952255,1.0
-0.20735244656840135,-0.6634529875392525,1.0
0.687388158006963,1.595866197628116,1.0
2.07779258263255,1.9415592486467115,1.0
-1.572992876483785,-1.4966312872402385,0.0
1.059644858731406,0.45303430754347607,1.0
0.49700659603886865,-0.06946277579577265,1.0
0.7951646650943622,0.7423603407608369,0.0
0.7863950347650754,1.0951368210031027,1.0
-0.735012623672765,0.1950183647656228,0.0
1.6435693069894506,0.4069141493805093,1.0
0.45770947942712276,-1.1758273482196178,0.0
-0.008697802127190582,0.014069912340891551,0.0
2.1567098095094197,1.144515112547093,1.0
2.403639114551244,-1.471610532670789,0.0
-0.9856754806941818,0.06680797308166012,0.0
0.27926015388730385,1.494924788996611,1.0
0.17812590813357718,-1.7851527069851243,0.0
-0.1296840868629288,1.1177148845498017,0.0
1.271228817283475,1.8281005979305736,1.0
-1.058965699965782,1.1675596718623322,0.0
-1.4119489419275129,1.7814251205837943,0.0
1.1856406802523116,0.10393236023434049,1.0
0.8850888148861188,-0.052822817180482394,0.0
1.7700925349304772,0.9060383269580013,1.0
-0.9599224495415789,1.8316925655094618,0.0
2.1947345680136605,2.5068956873332855,1.0
0.8260939234866201,2.507069935756916,1.0
-0.6118155908769521,-0.9812908094773471,0.0
-1.790858749444814,0.668509346618515,0.0
1.270551023594346,1.1681702203493403,1.0
-0.49826708651718754,1.6962336789634365,0.0
1.518412570064139,-1.1519294632229045,0.0
0.9331905748976483,2.5300475702342347,1.0
1.224549647827737,0.5987870926387795,0.0
-0.36699936928137955,0.5421274194531154,1.0
0.2846118580478426,1.0778253056780622,1.0
0.7498461986957822,-1.2177705461934465,0.0
2.0043487023630835,0.5792833125168171,1.0
1.408917298583117,-1.0880936032079047,0.0
1.9140015331878528,2.2369832433713506,1.0
-2.3489651494691794,-1.9654381556677503,0.0
-0.7011144928027022,-0.31346436116358223,0.0
1.4810229275400215,1.1828803180886533,1.0
1.6731299920854268,0.45015841022768255,1.0
2.584991533100425,0.9633759937493487,0.0
0.41070595542558747,0.8671402432883257,0.0
-0.7245846501501639,0.7673478623332065,0.0
0.9490162560823887,0.23732966869634542,1.0
1.5726949783154507,1.574927816439737,1.0
1.2626428732516994,1.0605803729682974,1.0
-1.6863266589282135,-0.7206542023096367,1.0
-0.4036474424476038,-0.21787097495949134,0.0
2.1166663243270563,4.091890067380968,1.0
2.22631330668858,2.263530476428344,0.0
-0.660879067122883,0.011114137886537557,0.0
1.129196022926729,0.24120154251507603,0.0
-0.08321108854636894,-0.6976496984505921,0.0
-1.16080325653489,-0.2802971303389677,0.0
0.014080397028331408,0.9967092162431314,0.0
0.9674695311044232,2.0981229447416188,1.0
0.6294400862611662,0.6976401574544089,0.0
2.3183537197674853,-0.7937520836586716,0.0
2.8198535994334635,-1.2535614858064443,1.0
0.6908852969042856,1.7608146316868436,1.0
1.4524509814203534,3.073578363518096,1.0
0.07621089600625741,-0.849590492964898,0.0
-0.1400280229833271,-0.8163103485553699,0.0
2.0453803822958703,0.5537772823612298,1.0
0.9378635491690007,3.403537182119806,1.0
2.063361321800725,1.3491403903825878,1.0
0.34583181332956847,-0.9151675518050009,1.0
1.8316937413758114,-0.6727635118965521,0.0
0.044983587428516936,1.4218185016389517,1.0
-0.21802026296654642,2.290907086336662,1.0
1.100315995741099,1.5843159366104533,1.0
1.0311730338156575,1.6755727141501542,1.0
-0.41508887375860537,-0.6104246988640467,0.0
0.34561057192922745,1.1788067950666297,0.0
0.1902503501019725,0.9358960130573722,0.0
-0.26368429448222924,-1.036217208677677,0.0
2.0529805951425115,0.9118077527870264,0.0
-0.3688397393083786,0.3561587570767457,0.0
1.6344682364126122,1.0849568821110749,1.0
0.48170155122996583,0.830926570699415,0.0
0.04270078167780408,0.7012047509790478,0.0
1.0171393463261489,0.37344241274853385,1.0
0.06052313560823919,0.2321113538089713,1.0
1.8015465090023564,-1.214837597583434,1.0
1.3707987039490468,2.71912299846218,1.0
0.7544203190242417,0.1809763518477713,0.0
2.1482966650011432,1.1552539581376173,1.0
0.819287931558301,0.7819760620581512,0.0
-0.8590630712848465,1.7003850764979362,0.0
0.13213837886584087,2.203826622188545,0.0
-1.8051232943146003,-2.0667807083238663,0.0
-0.03824157794440117,-0.01716538241827255,0.0
1.0709498759851854,-0.34288889826941626,0.0
-0.987561839681652,-0.011487128640150288,0.0
1.3588273585128945,1.1905358761335731,0.0
-0.6605347176530134,1.8568272936760397,1.0
1.4136295199438011,-0.6551377259714108,1.0
1.74718784170873,0.7924990428284839,1.0
0.2249162777988278,-1.113798411600337,0.0
2.4852357246493053,0.9575256029826095,1.0
-1.1150707887078148,-1.0794571012982368,0.0
2.517713407768614,-0.6062826293130018,0.0
2.9855041610235986,0.47740722336819097,1.0
-0.42735085564792435,0.5605855240734142,0.0
2.135281026952687,0.15479059301279152,0.0
1.953282219399013,0.6451163454544864,1.0
-0.26968520420982767,-1.3130300133495316,0.0
-0.09422830899281903,1.918003391827224,0.0
-1.2807368732059974,1.0601618228471783,0.0
1.2499461421382294,-0.32138671115670525,1.0
-0.6232946226789666,2.874663540031718,1.0
0.2532880531604859,1.5991722400231885,0.0
0.46128998019231215,-0.10123583544446513,1.0
1.9045747530264683,-0.8154274650488248,0.0
-1.313732436219112,0.6981393353308298,0.0
-0.5817770674292472,0.23032821505765277,0.0
1.0092249064576604,-0.7092984157927603,0.0
-0.10492702083740113,2.501699369273307,1.0
-0.33555931119986204,1.7236370849598637,1.0
1.5392834894524798,2.145050747696582,1.0
1.012655114986321,0.3994984764163163,1.0
2.5673432024058975,0.6747594982378798,1.0
1.5408181894890467,1.0852758007812815,0.0
-0.7937178076649404,-0.36486441447335194,0.0
-0.02737203400527699,1.6250194669817053,1.0
1.1642507634673778,-1.7802132185967476,0.0
1.3037093064889673,0.5114263095868825,1.0
-1.2842735906907472,1.9409267235508456,1.0
-0.9492260054697806,1.6077192574419605,0.0
0.33404355765976046,-0.04708748959616971,1.0
0.28757566687675706,0.7969985870491182,1.0
-0.6420093558937766,-0.2256461114687154,0.0
1.0973837245168336,0.75536494580201,1.0
1.1557652474258937,1.297073530848287,1.0
1.1924228621105102,1.8837844281456384,1.0
-0.1054392207537882,0.4234218121587161,1.0
0.6844163382096842,1.0626183657218145,1.0
0.02418705325908952,-0.7621625398533796,0.0
-0.989654966070375,1.3014942512862033,0.0
0.6333136437621968,-0.6688363777733264,1.0
2.7669019882383097,1.254496566557008,1.0
2.2555010399095394,0.13497824454191532,1.0
-0.3513685993586058,0.9323258818847701,0.0
0.5532117279928217,1.6689499827036787,1.0
2.3296925528531025,1.3211182196491937,1.0
0.7949331228352525,-0.8123776504983821,0.0
-0.3766398781717337,0.6788632137613295,1.0
1.8585150335779455,1.916322495370555,1.0
2.4543804222875236,0.3333470442348003,1.0
1.7777418896624968,-1.480166739322356,0.0
-0.3990444379523836,-0.012458532018017518,0.0
-0.7705150014473192,0.8488772612054463,0.0
-1.351464514378472,-0.8295967260417569,0.0
1.4803577131519006,2.0650434088547036,1.0
0.33699989882251824,0.31406296552638135,1.0
-0.5717102889624652,1.069761974818067,1.0
-1.1944164254288971,-1.4225301350091668,0.0
1.2399724902695592,1.63195276568108,0.0
1.2924328726077552,1.1926410316988347,1.0
-0.35698443649045086,1.7697904059681653,0.0
0.8975664309848439,1.0408897052312498,1.0
-1.9528994398851944,1.2011075359017478,0.0
0.37567809323242946,-1.5708353474566048,0.0
1.170878191219975,0.7539220452383514,0.0
-0.52770590652547,0.5444109440462791,0.0
1.4158190345463653,1.237866338182268,1.0
0.2951043408101782,0.03747650816496528,1.0
1.2780096284959668,-0.12480416182929499,1.0
2.33299883112346,3.1778434884528264,1.0
0.47055927936722397,0.7707721909578186,1.0
0.21420360832098417,1.3410303915565212,1.0
-0.2874012600452551,-1.430672714993078,0.0
1.4409518217178998,0.3650704569323935,0.0
1.8038117639184286,1.7054495413046757,1.0
-0.784886805143223,1.8501310982271604,0.0
1.6536702331051913,-0.8862819837196576,1.0
0.20350532163413626,0.07563793648823516,0.0
1.1444493835189056,3.3838212664264486,1.0
0.36498704714329366,0.0628749296340926,0.0
0.7612474496166478,-0.5031375826007785,0.0
-0.9761828662574926,-1.5659037384943704,0.0
0.5798140045019504,0.2713939022782984,1.0
0.5069843195433934,2.0311798606547926,1.0
-0.06578795753108516,-1.6299633978035797,0.0
-0.016765862655754082,1.52761630700556,1.0
-1.127565542102053,-0.051945800921181146,0.0
-1.5602959286005216,1.0353357220456756,0.0
1.25989443212505,0.8037145484853699,1.0
0.36772448389871126,1.0691461986016146,1.0
2.2600308754487983,1.133902103048738,1.0
-0.2960461244124316,-0.5079399243229746,0.0
-2.19719971676383,0.3623711217035931,1.0
1.7334130358556596,0.5167916515390065,1.0
-0.6363708343716754,1.9183234200256654,1.0
0.14198160029437923,-1.6524591950866134,1.0
1.4210406280605448,-0.5729404660574774,0.0
-0.822231945905068,2.161725299682365,1.0
-0.05427839314993496,-0.5997608865461241,0.0
0.3264896981014239,0.744470691713867,1.0
-0.14524799245690995,-0.4792511269282628,0.0
-0.11374495053622913,3.327050963010235,1.0
0.5255332407000559,0.16707228232362126,1.0
0.7151280943297729,1.3961168553783228,0.0
0.4296019399758947,-1.2215280578781686,0.0
0.2954012803667442,0.7111127543388228,1.0
0.7840606328623654,1.2741076114249335,1.0
-0.825347900745069,-1.908649604979832,0.0
0.28742188639605654,1.3273692816656542,0.0
-0.032697128184968,1.8319313022210846,0.0
2.5719428574297427,1.6483922071730568,1.0
-0.9434010036025956,-1.943528021236156,0.0
1.043579755999066,1.7851050558899395,1.0
1.5868306004464179,0.09080259196791662,1.0
-0.1786694027349433,-1.3524342166306038,0.0
-0.18523297599075828,1.4853161180664896,1.0
0.10473023003779076,0.4557334379414366,0.0
0.3934949652297349,0.3462996304073019,0.0
0.6078916463839591,0.9759127364415504,0.0
1.377782135972492,0.6548434277518715,1.0
-0.20866402138309342,1.424304119349249,0.0
-0.0614912507088059,-0.5393128819866357,1.0
-1.2206514209000543,-0.10623271156677065,0.0
-0.8793554211131465,-1.6741609461985458,0.0
-0.9491010102216051,-0.09976591565766013,0.0
-0.06883914218833809,1.1399370029830915,1.0
-0.2993174036859748,0.3471307083686137,0.0
-1.5348006038316053,0.4899354970758796,0.0
0.38606908026341086,-1.4599487315406119,0.0
0.49102013904105324,-0.8519355065232987,1.0
-0.11042459762136914,-0.2383388059368151,0.0
1.136252066616727,1.8601349774807805,1.0
-0.8466696507096702,-0.5432219129996674,0.0
1.2559845144118114,0.06874361441416765,1.0
0.8454622476923825,0.3420587257520683,1.0
-0.5964673724571782,-0.44797473562220325,0.0
0.25806772862909455,-1.2132078217704696,0.0
1.0132282884907913,0.5406431614155848,0.0
-1.0267688391019234,-0.7145153955361367,0.0
1.087715761596406,0.6620091644150834,1.0
0.3270851432778722,1.709546749765507,1.0
1.5958750166373223,-1.357258010856964,0.0
0.7069071643008114,-0.5928802487374926,0.0
2.6197236761189173,0.9281282474497674,1.0
1.0638592123642252,0.38249917927618793,1.0
0.9836979360376722,1.6643065428072386,1.0
0.7346725480104114,-1.9823994844057673,0.0
3.3329818202513084,2.1527814283847606,1.0
1.418842171725939,2.233473316899536,1.0
1.573321638705081,0.7739396182519149,1.0
0.3535294842239113,0.9068866117120222,1.0
1.367033131299057,-0.15503068110820614,0.0
2.915949134970803,1.6087067174675656,1.0
1.3847657832655034,1.8731080726074096,1.0
2.1619182492687985,3.962211285043425,1.0
0.6851186092192993,-0.15053532867870079,1.0
1.0629171533121897,1.244444159031798,0.0
0.4341272852684036,1.6831040573621427,1.0
2.7979662419965043,0.1587478479726978,1.0
1.8015393604722116,2.223481192306195,1.0
0.7824701943385113,0.8330058130114094,0.0
-1.5636719557717125,0.35721144031202856,0.0
1.252002051241659,2.2022473891786762,1.0
2.5344034544889222,2.470209798312952,1.0
-0.3265804717567018,0.7304440299812878,1.0
0.9732720841003105,1.1125951567159889,1.0
2.7345926986391924,2.3383659978427502,1.0
-0.3033329770300787,-0.7006062161939504,0.0
0.14860648416928268,-0.007249147578706978,0.0
1.6161474720167524,0.13410301093214247,0.0
2.0175853567648856,2.3744831077979462,1.0
0.39931344537460073,1.2570582122513079,0.0
0.21594240399262687,0.392525949420277,0.0
1.5477331384035231,1.9915118575969606,1.0
-1.1879501296904211,0.4744682991305769,0.0
2.996432397311648,0.10450286703913714,1.0
-1.0832297158140514,-1.6496250312921446,0.0
-0.23104165552699163,0.4851093917584042,1.0
1.658313672557878,0.9941345553858999,1.0
-2.081036428325135,0.7166528655782306,0.0
0.5115987212096109,1.6799479441752183,1.0
0.36367322246833905,-1.6246156750401703,0.0
1.1495325120579327,0.4876100348459862,1.0
-0.8915027655120364,1.8194269666202574,0.0
-1.0374538133008468,-0.2081240330332943,1.0
